prénom;nom;Nom complet;pays;url;music short program;music free skating
Kailani;CRAINE;Kailani CRAINE;AUS;http://www.isuresults.com/bios/isufs00014029.htm;Dream a Little Dream of Me performed by Ella Fitzgerald One Day (Swingrowers Remix) performed by Caro Emerald;Moulin Rouge (soundtrack)
Loena;HENDRICKX;Loena HENDRICKX;BEL;http://www.isuresults.com/bios/isufs00014747.htm;Frozen performed by Madonna;Differente by Gotan Project
Isadora;WILLIAMS;Isadora WILLIAMS;BRA;http://www.isuresults.com/bios/isufs00012577.htm;Hallelujah performed by K. D. Lang;"Nyah (from ""Mission Impossible 2"" soundtrack) by Hans Zimmer"
Larkyn;AUSTMAN;Larkyn AUSTMAN;CAN;http://www.isuresults.com/bios/isufs00034400.htm;Mein Herr (from Cabaret);Les Miserables by Claude-Michel Schoenberg
Gabrielle;DALEMAN;Gabrielle DALEMAN;CAN;http://www.isuresults.com/bios/isufs00054166.htm;"Habanera (from ""Carmen"") by George Bizet";Rhapsody in Blue by Georges Gershwin
Kaetlyn;OSMOND;Kaetlyn OSMOND;CAN;http://www.isuresults.com/bios/isufs00012655.htm;Sous le ciel de Paris by Hubert Giraud performed by Edith Piaf Milord by Marguerite Monnot performed by Edith Piaf;"Andante Allegro (from ""Swan Lake"") by Petr I. TchaikovskiNo. 24 Scene: Allegro (from ""Swan Lake"") by Petr I. Tchaikovski Stumbled Beginnings (from ""Black Swan"") by Clint Mansell Nina's Dream (from ""Black Swan"") by Clint Mansell"
Xiangning;LI;Xiangning LI;CHN;http://www.isuresults.com/bios/isufs00014328.htm;Nuovo Cinema Paradiso;Raymonda by Alexander Glazunov
Emmi;PELTONEN;Emmi PELTONEN;FIN;http://www.isuresults.com/bios/isufs00014671.htm;Tango Jalousie by Jacob Gade;Papa Can You Hear Me (soundtrack) performed by Barbara Streisand
Mae Berenice;MEITE;Mae Berenice MEITE;FRA;http://www.isuresults.com/bios/isufs00010706.htm;Halo by Beyonce, cover version by Jasmin Thompson Run the World (Girls) by Beyonce;Les Nocturnes de Chopin Happy by C2C
Nicole;SCHOTT;Nicole SCHOTT;GER;http://www.isuresults.com/bios/isufs00011603.htm;Nella Fantasia by Ennio Morricone performed by Jackie Evancho;Schindler's List (soundtrack) by John Williams, performed by Itzhak Perlman
Ivett;TOTH;Ivett TOTH;HUN;http://www.isuresults.com/bios/isufs00054361.htm;Back in Black performed by AC DC Thunderstruck performed by AC DC;"Entrance and Habanera from ""Carmen"" by Rodion Shchedrin Adagio by Rodion Shchedrin Entrance and Habanera from ""Carmen"" by Rodion Shchedrin Les voici! Voici la quadrille by George Pretre"
Carolina;KOSTNER;Carolina KOSTNER;ITA;http://www.isuresults.com/bios/isufs00004864.htm;Ne me quitte pas by Jacques Brel, performed by Celine Dion;L'apres-midi d'un faune by Claude Debussy
Giada;RUSSO;Giada RUSSO;ITA;http://www.isuresults.com/bios/isufs00011694.htm;Eyes Wide Shut (soundtrack);Parla Con Lei (soundtrack)
Satoko;MIYAHARA;Satoko MIYAHARA;JPN;http://www.isuresults.com/bios/isufs00012461.htm;Memoirs of a Geisha (soundtrack) by John Williams;Madame Butterfly Act 3 by Giacomo Puccini Goro's Entrance (Madame Butterfly Act 2) by Giacomo Puccini Butterfly Bids Her Child Farewell (Madame Butterfly Act 2) by Giacomo PucciniPrelude
Kaori;SAKAMOTO;Kaori SAKAMOTO;JPN;http://www.isuresults.com/bios/isufs00014151.htm;Moonlight Sonata by Ludwig van Beethoven;Amelie (soundtrack) by Yann Tiersen
Aiza;MAMBEKOVA;Aiza MAMBEKOVA;KAZ;http://www.isuresults.com/bios/isufs00054345.htm;Amanama by DJ Antoine ft. Timati Hourshaker Radio Edit;Ker Oglu by Daulet Kerei
Elizabet;TURSYNBAEVA;Elizabet TURSYNBAEVA;KAZ;http://www.isuresults.com/bios/isufs00034443.htm;Carmen Fantasie by Georges Bizet performed by David Garrett;The Prayer performed by Celine Dion, Andrea Boccelli
Dabin;CHOI;Dabin CHOI;KOR;http://www.isuresults.com/bios/isufs00014382.htm;Papa Can You Hear Me;Doctor Zhivago (soundtrack) by Maurice Jarre
Hanul;KIM;Hanul KIM;KOR;http://www.isuresults.com/bios/isufs00035087.htm;The Piano (soundtrack);Mamma Mia (soundtrack)
Diana;NIKITINA;Diana NIKITINA;LAT;http://www.isuresults.com/bios/isufs00054521.htm;Soldier Of Love by Sade;"Nocturne (from ""Lady Caliph"") by Ennio Morricone Trooping With Crows (from ""Romeo and Juliet"") by Abel Korzeniowski"
Evgenia;MEDVEDEVA;Evgenia MEDVEDEVA;OAR;http://www.isuresults.com/bios/isufs00014068.htm;Nocturne by Frederic Chopin;Anna Karenina (soundtrack) by Dario Marianelli
Maria;SOTSKOVA;Maria SOTSKOVA;OAR;http://www.isuresults.com/bios/isufs00034440.htm;Swan Lake by Petr I. Tchaikovski;Claire de Lune by Claude Debussy
Alina;ZAGITOVA;Alina ZAGITOVA;OAR;http://www.isuresults.com/bios/isufs00101053.htm;"Black Swan (soundtrack) by Clint Mansell The Middle of the World by Nicholas Britell (""Moonlight"" soundtrack) Black Swan (soundtrack) by Clint Mansell";Don Quixote by Leon Minkus
Alexia;PAGANINI;Alexia PAGANINI;SUI;http://www.isuresults.com/bios/isufs00035472.htm;"Forbidden Love (from ""Romeo and Juliet"" soundtrack) by Abel Korzeniowski";Phantom Fantasia - The Phantom of the Opera by Anthony Inglis
Nicole;RAJICOVA;Nicole RAJICOVA;SVK;http://www.isuresults.com/bios/isufs00013894.htm;Une page d'amour by Nathalia Mansner;Rain, In Your Black Eyes by Ezio Bosso
Anita;OESTLUND;Anita ÖSTLUND;SWE;http://www.isuresults.com/bios/isufs00014929.htm;Carmen Fantasie by David Garrett;Papa Can You Hear Me performed by Barbara Streisand
Anna;KHNYCHENKOVA;Anna KHNYCHENKOVA;UKR;http://www.isuresults.com/bios/isufs00011228.htm;Sorongo Street Passions by Didulia;California Dreamin' performed by Sia
Karen;CHEN;Karen CHEN;USA;http://www.isuresults.com/bios/isufs00034366.htm;On Golden Pond (soundtrack) by Dave Grusin;"Jalousie ""Tango Tzigane"" by Jacob Gade"
Mirai;NAGASU;Mirai NAGASU;USA;http://www.isuresults.com/bios/isufs00010220.htm;Nocturne No. 20 in C Sharp Minor by Frederic Chopin performed by Catherine Manoukian;Miss Saigon by Claude-Michel Schönberg
Bradie;TENNELL;Bradie TENNELL;USA;http://www.isuresults.com/bios/isufs00034592.htm;Taeguki by Lee Dong-Jun;Cinderella Medley by Patrick Doyle
Brendan;KERRY;Brendan KERRY;AUS;http://www.isuresults.com/bios/isufs00011398.htm;Everybody Wants To Rule The World by Tears for Fears, performed by London Symphony Orchestra feat. Spencer Jones and Mckenna Breinholt;Shine On You Crazy Diamond by Pink Floyd Money by Pink Floyd
Jorik;HENDRICKX;Jorik HENDRICKX;BEL;http://www.isuresults.com/bios/isufs00010696.htm;Je suis malade by Alice Dona, Serge Lama performed by Francesco di Cello;Concerto de Aranjuez by Joaquin Rodrigo, performed by Il Divo
Patrick;CHAN;Patrick CHAN;CAN;http://www.isuresults.com/bios/isufs00007980.htm;Dust in the Wind by Kerry Livgren, performed by Kansas;Hallelujah by Leonard Cohen, performed by Jeff Buckley
Keegan;MESSING;Keegan MESSING;CAN;http://www.isuresults.com/bios/isufs00010278.htm;Singin' in the Rain by Nacio Herb Brown performed by Gene Kelly;"The Sober Dawn (from ""City Lights"") by Charlie Chaplin The Reel Chaplin: A Symphonic Adventure, Pt. 2 by Charlie Chaplin"
Boyang;JIN;Boyang JIN;CHN;http://www.isuresults.com/bios/isufs00013802.htm;Crouching Tiger, Hidden Dragon (soundtrack) by Tan Dun;"Mars (from ""The Planets"") by Gustav Holst Cantina Band (from ""Star Wars: A New Hope"") by John Williams Guardians of the Whills Suite (from ""Rogue One: A Star Wars Story"") by Michael Giacchino The Throne Room/Finale (from ""Star Wars: A New Hope"") by John Williams"
Han;YAN;Han YAN;CHN;http://www.isuresults.com/bios/isufs00012352.htm;A Thousand Years by Christina Perri;I'll Take Care Of You by Brooke Benton performed by Beth Hart, Joe Bonamassa
Michal;BREZINA;Michal BREZINA;CZE;http://www.isuresults.com/bios/isufs00007004.htm;Kodo (Japanese Drums);Human by Jamie Hartman, Rory Graham performed by Rag'n'Bone Man Stand by Me by Ben E. King, Jerry Leiber, Mike Stoller Human (MJ Cole Remix) performed by Rag'n'Bone Man
Javier;FERNANDEZ;Javier FERNANDEZ;ESP;http://www.isuresults.com/bios/isufs00007684.htm;Modern Times (soundtrack) by Charlie Chaplin;Man of La Mancha by Mitch Leigh
Felipe;MONTOYA;Felipe MONTOYA;ESP;http://www.isuresults.com/bios/isufs00010001.htm;Cold Song arranged by Rafa Alegre;La Cumparsita
Chafik;BESSEGHIER;Chafik BESSEGHIER;FRA;http://www.isuresults.com/bios/isufs00009928.htm;Sugarhill Gang - Remix by Maxime Rodriguez Down The Road by C2C - Remix by Maxime Rodriguez;Godfather (soundtrack) by Nino Rota - Remix by Maxime Rodriguez
Moris;KVITELASHVILI;Moris KVITELASHVILI;GEO;http://www.isuresults.com/bios/isufs00034232.htm;Feeling Good by Leslie Bricusse, Anthony Newley performed by Michael Buble;Radioactive by Imagine Dragons Dream by Imagine Dragons Believer by Imagine Dragons
Paul;FENTZ;Paul FENTZ;GER;http://www.isuresults.com/bios/isufs00011033.htm;Wonderwall by Noel Gallagher performed by Paul Anka;Game of Thrones (soundtrack)
Alexei;BYCHENKO;Alexei BYCHENKO;ISR;http://www.isuresults.com/bios/isufs00007020.htm;Hava Nagila (Jewish Folk Song);"Recitar! Vesti La Giubba (from ""Pagliacci"") by Ruggero Leoncavallo performed by Andrea Boccelli"
Daniel;SAMOHIN;Daniel SAMOHIN;ISR;http://www.isuresults.com/bios/isufs00034509.htm;L'Immensita by Il Volo;Two Angels by Sergei Erdenko performed by Loyko
Matteo;RIZZO;Matteo RIZZO;ITA;http://www.isuresults.com/bios/isufs00013919.htm;Torno A Surriento by Il Volo;Come Together by The Beatles Let It Be performed by Air With Air Rising Help! by The Beatles
Yuzuru;HANYU;Yuzuru HANYU;JPN;http://www.isuresults.com/bios/isufs00010967.htm;Ballade No. 1 by Frederic Chopin;SEIMEI (soundtrack) by Shigeru Umebayashi
Keiji;TANAKA;Keiji TANAKA;JPN;http://www.isuresults.com/bios/isufs00010968.htm;Memories by Gary Moore;Amarcord by Nino Rota Le Notti di Cabiria by Nino Rota La Paaserella di Otto e Mezzo by Nino Rota
Shoma;UNO;Shoma UNO;JPN;http://www.isuresults.com/bios/isufs00012455.htm;"Winter (from ""Four Seasons"") by Antonio Vivaldi";"Violin Fantasy on Puccini's Turandot performed by Vanessa-Mae Nessun Dorma (from ""Turandot"") by Giacomo Puccini, performed by Jose Carreras"
Denis;TEN;Denis TEN;KAZ;http://www.isuresults.com/bios/isufs00008858.htm;Tu Sei by Vittorio Grigolo;SOS d'un terrien en detresse by Michel Berger performed by Dimash Kudaibergen
Junhwan;CHA;Junhwan CHA;KOR;http://www.isuresults.com/bios/isufs00054719.htm;"Gypsy Dance (from ""Don Quixote"") by Leon Minkus";"Morning (Love Sonnet XXVII) from ""Il Postino"" (The Postman) soundtrackTheme from ""Il Postino"" (The Postman) soundtrack Mi Mancherai from ""Il Postino"" (The Postman) soundtrack"
Deniss;VASILJEVS;Deniss VASILJEVS;LAT;http://www.isuresults.com/bios/isufs00011354.htm;Recondita Armonia by Giacomo Puccini;Put the Blame On Mame by Allan Roberts & Doris Fisher performed by Doctor 3 Anyone to Love by Andrew Von Slee performed by Michael Buble Sway Luis Demetrio performed by Michael Buble
Julian Zhi Jie;YEE;Julian Zhi Jie YEE;MAS;http://www.isuresults.com/bios/isufs00013721.htm;To Build A Home by Cinematic Orchestra;It's a Man's World by James Brown Get It On by James Brown I Feel Good by James Brown
Dmitri;ALIEV;Dmitri ALIEV;OAR;http://www.isuresults.com/bios/isufs00014956.htm;Masquerade Waltz by Aram Khatchaturian;"To Build A Home by Cinematic Orchestra The Winner Is (from ""Little Miss Sunshine"" soundtrack) by Mychael Danner & DeVotchKa How It Ends (from ""Little Miss Sunshine"" soundtrack) by Mychael Danner & DeVotchKa"
Mikhail;KOLYADA;Mikhail KOLYADA;OAR;http://www.isuresults.com/bios/isufs00013562.htm;Piano Concerto No. 23 in A Major by Wolfgang Amadeus Mozart Tango;Steamroller Blues by Elvis Presley Can't Help Falling In Love by Elvis Presley Rip It Up by Elvis Presley
Michael Christian;MARTINEZ;Michael Christian MARTINEZ;PHI;http://www.isuresults.com/bios/isufs00012802.htm;Emerald Tiger by Vanessa Mae;"El Tango de Roxanne (from ""Moulin Rouge"") Tango de los Exilados by Walter Taieb, Vanessa Mae"
Yaroslav;PANIOT;Yaroslav PANIOT;UKR;http://www.isuresults.com/bios/isufs00013671.htm;Romeo and Juliet Ouverture by P.I. Tchaikovski;The Four Seasons by Antonio Vivaldi
Nathan;CHEN;Nathan CHEN;USA;http://www.isuresults.com/bios/isufs00054124.htm;Nemesis by Benjamin Clementine;Mao's Last Dancer (soundtrack) by Christopher Gordon Sacre du Printemps by Igor Stravinski
Adam;RIPPON;Adam RIPPON;USA;http://www.isuresults.com/bios/isufs00008908.htm;Let Me Think About It (Eddie Thoneick Remix) performed by Ida Carr feat. Fedde Le Grand;"Arrival of the Birds (""Crimson Wing"" soundtrack) by The Cinematic Orchestra O by Coldplay"
Vincent;ZHOU;Vincent ZHOU;USA;http://www.isuresults.com/bios/isufs00034362.htm;Chasing Cars by Snow Patrol;"Nature Boy (from ""Moulin Rouge"" soundtrack) by Eden Ahbez, performed by David Bowie Come What May (from ""Moulin Rouge"" soundtrack) by Franklin Tableporter, performed by Ewan McGregor & Nicole Kidman"
Misha;GE;Misha GE;UZB;http://www.isuresults.com/bios/isufs00013128.htm;Pain of the Heart:Ave Maria by Giulio Caccini performed by Ikuko Kawai;"The Memories of Youth:Meditation (from ""Thais"") by Jules Massenet performed by Lucia Micarelli & Lang Lang"
;;Piper GILLES / Paul POIRIER;CAN;http://www.isuresults.com/bios/isufs00034084.htm;Bossa Nova: Bossa Cubana Mambo: Gopher Mambo;The Chase Bond Theme (Octopussy soundtrack) by John Barry The Palace Fight (Octopussy soundtrack) by John Barry Thunderball (Thunderball soundtrack) by John Barry Yo Yo Fight and Death of Vijay (Octopussy soundtrack) by John Barry
;;Tessa VIRTUE / Scott MOIR;CAN;http://www.isuresults.com/bios/isufs00006989.htm;Samba: Sympathy for the Devil by Mick Jagger, Keith Richards performed by The Rolling Stones Rhumba: Hotel California by Don Felders, Don Henley, Glenn Frey performed by Eagles Cha Cha: Oye Como Va by Tito Puente performed by Santana;"El Tango de Roxanne (from ""Moulin Rouge"" soundtrack) Come What May (from ""Moulin Rouge"" soundtrack)"
;;Kaitlyn WEAVER / Andrew POJE;CAN;http://www.isuresults.com/bios/isufs00009841.htm;Bolero: Tango by Dianne Reeves feat. Raul Midon Mambo: Do You Only Wanna Dance by Lester Mendez, Sy Smith, Arturo O’Farrill performed by Julio Daviel Big Band;Je suis malade by Alice Dona, Serge Lama performed by Lara Fabian
;;Shiyue WANG / Xinyu LIU;CHN;http://www.isuresults.com/bios/isufs00012691.htm;Rhumba: Despacito Samba;Over My Shoulder by Mika Happy Ending by Mika
;;Cortney MANSOUROVA / Michal CESKA;CZE;http://www.isuresults.com/bios/isufs00014520.htm;Samba: Beat On My Drum by Gabry Ponte Rhumba: Loin by Maitre Gims Samba: Adios by Zimpala;"Kay (from ""The Godfather Part II"") by Carmine Coppola A New Carpet (from ""The Godfather Part II"") by Carmine Coppola The Immigrant (Main Title) by Nino Rota Godfather Waltz (from ""The Godfather"" soundtrack) by Nino Rota Finale (from ""The Godfather"" soundtrack) by Nino Rota"
;;Sara HURTADO / Kirill KHALIAVIN;ESP;http://www.isuresults.com/bios/isufs00102241.htm;Cha Cha: Oye Como Va by Carlos Santana Samba: Maria, Maria by Carlos Santana;Don Quixote by Leon Minkus
;;Marie-Jade LAURIAULT / Romain LE GAC;FRA;http://www.isuresults.com/bios/isufs00015087.htm;Salsa: Salsation by David Shire Rhumba: No Hay Problema by Pink Martini Salsa: Salsation by David Shire;You Take My Breath Away by Queen Another One Bites the Dust by Queen
;;Gabriella PAPADAKIS / Guillaume CIZERON;FRA;http://www.isuresults.com/bios/isufs00011507.htm;Shape Of You (Latin Remix) by Ed Sheeran Thinking Out Loud by Ed Sheeran, remastered by Karl Hugo;"Piano Sonata N. 14 in C sharp minor, Op. 27, No 2. ""Moonlight Sonata"", Adagio Sostenuto, by Ludwig van Beethoven performed by Steve Anderson ""Moonlight Sonata"", Presto Agitato by Ludwig van Beethoven"
;;Penny COOMES / Nicholas BUCKLAND;GBR;http://www.isuresults.com/bios/isufs00009083.htm;Rhumba: Rhumba d'Amour Samba: Batucada performed DJ Dero;Exogenesis Symphony Part I by Muse Exogenesis Symphony Part II by Muse Butterflies and Hurricanes by Muse Butterflies and Hurricanes performed by William Joseph
;;Kavita LORENZ / Joti POLIZOAKIS;GER;http://www.isuresults.com/bios/isufs00035158.htm;Salsa: Aguanile by Willie Colon, Hector Lavoe performed by Marc Anthony Rhumba: Mil Pasos (Kizomba Remix) by Soha Samba: Magalenha by Antonio Carlos performed by Sergio Mendes;Pride and Predjudice (soundtrack) by Dario Marianelli, Jean-Yves Thibaudet
;;Adel TANKOVA / Ronald ZILBERBERG;ISR;http://www.isuresults.com/bios/isufs00101839.htm;Cha Cha: Banca Banca Samba: Mas Que Nada Cha Cha: Banca Banca;"Deliver Us (from ""Prince of Egypt"") River (from ""Prince of Egypt"") Deliver Us (from ""Prince of Egypt"")"
;;Anna CAPPELLINI / Luca LANOTTE;ITA;http://www.isuresults.com/bios/isufs00008719.htm;Cha Cha: Kaboom performed by Ursula 1000 Samba: Skip to the Bip performed by Club des Belugas Samba: 1008 Samba;"Buon Giorno Principessa (from ""La Vita e Bella"" soundtrack) by Nicola PiovaniLife Is Beautiful (from ""La Vita e Bella"" soundtrack) by Nicola Piovani, arranged & performed by Mi Loco Tango La Vita e Bella (from ""La Vita e Bella"" soundtrack) by Nicola Piovani arranged by Claudio Mandonico"
;;Charlene GUIGNARD / Marco FABBRI;ITA;http://www.isuresults.com/bios/isufs00012929.htm;Salsa: Bajo La Tormenta performed by Sergio George's Salsa Giants Rhumba: Con Los Anos Que Me Quedan by Gloria Estefan Samba: Samba de Rio Pardo by Miguel Preto;Exogenesis Symphony Part III by Muse
;;Kana MURAMOTO / Chris REED;JPN;http://www.isuresults.com/bios/isufs00035204.htm;Cha Cha: I Like It Like That by Pete Rodriguez Rhumba: Mondo Bongo by Joe Strummer Samba: Batucada de Sambrasil by Estudios Talkback;The Last Emperor (soundtrack) by Ryuichi Sakamoto Merry Christmas Mr. Lawrence by Ryuichi Sakamoto
;;Yura MIN / Alexander GAMELIN;KOR;http://www.isuresults.com/bios/isufs00054757.htm;Samba: Despacito performed by Luis Fonsi Rhumba: My All Samba: Mujer Latina performed by Thalia;Arirang (Korean Folk Song)
;;Ekaterina BOBROVA / Dmitri SOLOVIEV;OAR;http://www.isuresults.com/bios/isufs00008942.htm;Rhumba: Latin Lover by Joao Bosco Samba: Dance by DJ Maksy Samba: Quand je vois tes yeux by Dany Brilliant;Oblivion by Astor Piazzolla performed by Two Cellos Beethoven's Five Secrets by The Piano Guys
;;Tiffani ZAGORSKI / Jonathan GUERREIRO;OAR;http://www.isuresults.com/bios/isufs00034919.htm;Samba: Hip Hip Chin Chin performed by Club des Belugas Rhumba: Volveras performed by Gloria Estefan Samba: Batucada Brasiliera performed by Samba Brazilian Batucada Band;Exogenesis Symphony Part III by Muse Exogenesis Symphony Part II by Muse Ruled by Secrecy by Muse
;;Natalia KALISZEK / Maksym SPODYRIEV;POL;http://www.isuresults.com/bios/isufs00014997.htm;Samba: Despacito performed by Luis Fonsi Rhumba: Deja Vu by Prince Royce, Shakira Salsa: Descarga En Sol Para Tito Puente by Alex Torrres, Los Reyes Latinos;"Young And Beautiful (from ""The Great Gatsby"" soundtrack) by Lana del Rey Swing Break by The McMash Clan feat. Kate Mullins No Diggity (Remix) by Minimatic Maple Leaf Rag by Scott Joplin performed by Skeewiff feat. Tommy Dorsey"
;;Lucie MYSLIVECKOVA / Lukas CSOLLEY;SVK;http://www.isuresults.com/bios/isufs00101669.htm;Samba: Tico Tico by Percy Faith, K. Sullivan Rhumba: Historia de un amor by Perez Prado Samba: Tico Tico performed by Sambadrom;"Mein Herr (from ""Cabaret"") performed by Liza Minelli Maybe This Time (from ""Cabaret"") performed by Liza Minelli Cabaret (from ""Cabaret"") performed by Liza Minelli"
;;Alisa AGAFONOVA / Alper UCAR;TUR;http://www.isuresults.com/bios/isufs00012930.htm;Samba: Cuba 2012 (DJ Rebel Street Dance 2 Remix) performed by DJ Rebel ft. Gibson Brothers Rhumba: How Deep is Your Love (DJ Banksy Rumba Remix) performed by Sophia Guem How Deep Is Your Love by Sophia Guem (DJ Maksy Remix) Samba: Cuba performed by Robert Abigail, DJ Rebel ft. Gibson Brothers;Marco Polo by Loreena McKennitt Cleopatra by Maxime Rodriguez Iron (Mystery Jets Remix) by Woodkid
;;Alexandra NAZAROVA / Maxim NIKITIN;UKR;http://www.isuresults.com/bios/isufs00012757.htm;"Rhumba: Chuvirico (from ""Wanted"") by Perez Prado Mambo: Cu-cu-rru-cu-cu-paloma (from ""Mambo No. 5"") by Perez Prado, Rosemary Clooney Mambo: La Pantera Mambo (Pink Panther Theme) by Henry Mancini";"Hoist the Colours (from ""Pirates of the Caribbean - At World's End"") by Hans Zimmer Jack Sparrow (from ""Pirates of the Caribbean - Dead Man's Chest"") by Hans Zimmer Wheel of Fortune (from ""Pirates of the Caribbean - Dead Man's Chest"") by Hans ZimmerTune of Pirates by Antony Larsson, Tony BrownHe's A Pirate (from ""Pirates of the Caribbean - The Curse of the Black Pearl"") by Klaus Badelt & Hans Zimmer"
;;Madison CHOCK / Evan BATES;USA;http://www.isuresults.com/bios/isufs00013665.htm;Salsa: Aguanile performed by Marc Anthony Rhumba: Que Lio performed by Marc Anthony Samba: Vivir Mi Vida performed by Marc Anthony;Imagine by John Lennon
;;Madison HUBBELL / Zachary DONOHUE;USA;http://www.isuresults.com/bios/isufs00013466.htm;Samba: Le Serpent by Guem et Zaka Rhumba: Cuando Calienta El Sol by Talya Ferro Samba: Sambando by Los Ritmos Calientas;Across the Sky - Instrumental by Rag'n'Bone Man Caught Out in the Rain by Beth Hart
;;Maia SHIBUTANI / Alex SHIBUTANI;USA;http://www.isuresults.com/bios/isufs00011168.htm;Mambo: Mambo No. 5 by Perez Prado Cha Cha: Cherry Pink And Apple Blossom White by Perez Prado Samba: Mambo Jambo/Mambo No. 8 by Perez Prado;Paradise by Coldplay
;;Ekaterina ALEXANDROVSKAYA / Harley WINDSOR;AUS;http://www.isuresults.com/bios/isufs00101102.htm;Paint It Black performed by Hidden Citizen;"Tango in the Park (from ""The Mask"" soundtrack) by Randy Edelman The Business of Love (from ""The Mask"" soundtrack) by Domino You Would Be My Baby (from ""The Mask"" soundtrack) by Vanessa Williams Hey Pachuco (from ""The Mask"" soundtrack) by Straight Up"
;;Miriam ZIEGLER / Severin KIEFER;AUT;http://www.isuresults.com/bios/isufs00054366.htm;"I'm Gonna Be (500 Miles) from ""Sunshine on Leith"" (soundtrack) by Charlie & Craig Reid";Yellow by ColdplayFix You by Coldplay
;;Meagan DUHAMEL / Eric RADFORD;CAN;http://www.isuresults.com/bios/isufs00012877.htm;With Or Without You by U2 performed by April Meservy ft. Aaron Edson;Hometown Glory by Adele
;;Kirsten MOORE-TOWERS / Michael MARINARO;CAN;http://www.isuresults.com/bios/isufs00054470.htm;Sweet Dreams performed by Terez Montcalm Sweet Dreams performed by Escala;Un Ange Passe by Alain Lefevre
;;Julianne SEGUIN / Charlie BILODEAU;CAN;http://www.isuresults.com/bios/isufs00014584.htm;Everybody Wants to Rule the World performed by Lorde;Where's My Love by Syml
;;Cheng PENG / Yang JIN;CHN;http://www.isuresults.com/bios/isufs00055105.htm;"Assassin's Tango (from ""Mr. and Mrs. Smith"" soundtrack) by John Powell";The Butterfly Lovers' Violin Concerto by He Zhanhao, Chen Gang
;;Wenjing SUI / Cong HAN;CHN;http://www.isuresults.com/bios/isufs00012227.htm;Hallelujah by Leonard Cohen, performed by K.D. Lang;"Violin Fantasy on Puccini's Turandot by Vanessa-MaeNessun Dorma (from ""Turandot"") by Giacomo Puccini, performed by Luciano Pavarotti"
;;Xiaoyu YU / Hao ZHANG;CHN;http://www.isuresults.com/bios/isufs00055106.htm;Swan Lake by Petr I. Tchaikovski;"Jyn Erso & Hope Suite (from ""Rogue One: A Star Wars Story"") by Michael GiacchinoPrincess Leia (from ""Star Wars: A New Hope"") by John Williams"
;;Anna DUSKOVA / Martin BIDAR;CZE;http://www.isuresults.com/bios/isufs00014532.htm;LA 40 (Album: Tango Hereje) performed by The Mozart Tango Players;"Once Upon a Time (from ""Nouba"" - Cirque du Soleil)La Nouba (from ""Nouba"" - Cirque du Soleil)Pearl (from ""Kooza"" - Cirque du Soleil)Klezmer Moment (from ""Corteo"" - Cirque du Soleil)"
;;Vanessa JAMES / Morgan CIPRES;FRA;http://www.isuresults.com/bios/isufs00013733.htm;Make It Rain by Foy Vance performed by Ed Sheeran arranged by Maxime Rodriguez;Sound of Silence by Simon & Garfunkel performed by Disturbed, arranged by Maxime Rodriguez
;;Annika HOCKE / Ruben BLOMMAERT;GER;http://www.isuresults.com/bios/isufs00103049.htm;Big Spender;Romeo and Juliet (soundtrack) by Abel Korzeniowski
;;Aljona SAVCHENKO / Bruno MASSOT;GER;http://www.isuresults.com/bios/isufs00035319.htm;That Man performed by Caro Emerald;La Terre vue du ciel by Armand Amar, edited by Maxime Rodriguez
;;Paige CONNERS / Evgeni KRASNOPOLSKI;ISR;http://www.isuresults.com/bios/isufs00103080.htm;Ghost (musical);Schindler's List (soundtrack) by John Williams
;;Nicole DELLA MONICA / Matteo GUARISE;ITA;http://www.isuresults.com/bios/isufs00034093.htm;Magnificat by Marco Frisina performed by Mina;Tree of Life Suite by Roberto Cacciapaglia
;;Valentina MARCHEI / Ondrej HOTAREK;ITA;http://www.isuresults.com/bios/isufs00015040.htm;Tu vuo fa l'Americano by Renato Carosone;Amarcord by Nino Rota
;;Miu SUZAKI / Ryuichi KIHARA;JPN;http://www.isuresults.com/bios/isufs00035321.htm;Yuri on Ice (soundtrack) by Taro Umebayashi;Romeo and Juliet by Nino Rota
;;Kyueun KIM / Alex Kang Chan KAM;KOR;http://www.isuresults.com/bios/isufs00015257.htm;Historia De Un Amor;The Impossible Dream
;;Kristina ASTAKHOVA / Alexei ROGONOV;OAR;http://www.isuresults.com/bios/isufs00015019.htm;"Adagio For Strings by William Barber Lacrimosa (from ""Requiem in D Minor"") by Wolfgang Amadeus MozartO Fortuna (from ""Carmina Burana"") by Carl Orff";"Another Day Of Sun from ""La La Land"" (soundtrack) by Justin HurwitzCIty Of Stars from ""La La Land"" (soundtrack) by Justin HurwitzEpilogue from ""La La Land"" (soundtrack) by Justin Hurwitz"
;;Evgenia TARASOVA / Vladimir MOROZOV;OAR;http://www.isuresults.com/bios/isufs00054323.htm;Piano Concerto No. 2 by Sergei Rachmaninov;Candyman by Christina Aguilera, Linda PerryNasty Naughty Boy by Christina Aguilera, Linda PerryReady Teddy performed by Elvis Presley
;;Natalia ZABIIAKO / Alexander ENBERT;OAR;http://www.isuresults.com/bios/isufs00035212.htm;The Summer Knows (from “Summer of 42”) by Michel Legrand;Too Close by Alex Clare (Evan Duffy Cover) I love you much too much by Bob Zurke The Sleeping Beauty. Act 1-8. Pas d'action by Petr TchaikovskyThe Sleeping Beauty by Petr I. Tchaikovski
;;Tae Ok RYOM / Ju Sik KIM;PRK;http://www.isuresults.com/bios/isufs00015041.htm;A Day in the Life by Paul McCartney, John Lennon, performed by Jeff Beck;Je suis qu'une chanson by Diane Justler, performed by Ginette Reno
;;Alexa SCIMECA KNIERIM / Chris KNIERIM;USA;http://www.isuresults.com/bios/isufs00034201.htm;Come What May (Moulin Rouge soundtrack);Ghost - The Musical by David A. Stewart, Glen Ballard
